evidence_id,classification,customer_type,service_type,scope,main_friction,trust_signal,price_issue,access_issue,expectation_gap,outcome_type,service_completed,payment_received,invoice_or_receipt_visible,pipeline_detected,negative_or_deferred_reason,pattern_id,redaction_required,asset_generation_allowed,notes
PEST_EVIDENCE_001,COMPLETED_WHATSAPP_CONVERSION_PATH_PLUS_POST_SERVICE_REFERRAL_PROPAGATION,customer_or_resident_context,pest_control,apartment_or_building_context,,satisfaction_or_referral_propagation,,,,hard_commercial_outcome,true,true,true,referral_shared,,COMPLETED_SUCCESS_PATH,true,false,Completed service path with payment/admin/satisfaction/referral propagation. Referral/shared signal is pipeline unless separately converted.
PEST_EVIDENCE_002,RESCHEDULE_RECOVERY_PLUS_BUILDING_COMMON_AREA_UPSELL,residential_customer,pest_control,private_apartment_plus_common_area_opportunity,reschedule_recovery_and_household_constraints,,,,,stuck_risk_or_recovery_signal,false,false,false,building_common_area_opportunity,,RESCHEDULE_RECOVERY_PATH,true,false,"Reschedule recovery, household constraints, committee/building flow. Pipeline only."
PEST_EVIDENCE_003,RECURRING_CUSTOMER_MULTI_RESCHEDULE_BUILDING_COORDINATION_FRICTION,recurring_customer,pest_control,multiple_apartments_or_building_coordination,multi_reschedule_coordination_friction,returning_customer,,,,stuck_risk_signal,false,false,false,false,,MULTI_RESCHEDULE_COORDINATION_FRICTION_PATTERN_001,true,false,Demand exists but coordination burden creates stuck risk.
PEST_EVIDENCE_004,RODENT_PHOTO_TRIAGE_TO_PAID_SERVICE_WITH_CONFIRMED_OUTCOME,residential_customer,rodent_control,private_home_or_apartment,rodent_uncertainty,visual_evidence_shared,,,,hard_commercial_outcome,true,true,true,false,,RODENT_UNCERTAINTY_TO_CONFIRMED_RESOLUTION_PATTERN_001,true,false,"Mouse was caught, confirmed by operator."
PEST_EVIDENCE_005,SCHEDULE_RESCHEDULE_TO_SERVICE_COMPLETION_WITH_INVOICE_ISSUED,residential_or_business_customer,pest_control,apartment_or_site,schedule_reschedule,,,,,hard_operational_outcome,true,false,true,false,,SERVICE_COMPLETED_WITH_ADMIN_FLOW,true,false,Service completed. Payment received only if separately confirmed.
PEST_EVIDENCE_006,CONFIRMED_APPOINTMENT_TO_CUSTOMER_CANCELLATION_WITH_TRUST_PRESERVATION,residential_customer,pest_control,appointment_only,external_cancellation_after_confirmation,relationship_preserved,,,,negative_deferred_outcome,false,false,false,false,customer_cancelled_due_to_external_constraint,EXTERNAL_CANCELLATION_TRUST_PRESERVATION_PATTERN_001,true,false,"Cancellation due to external constraint, not sales failure."
PEST_EVIDENCE_007,TIME_CHANGE_RECOVERY_TO_COMPLETED_PAID_SERVICE,residential_customer,pest_control,apartment_or_private_home,time_change_and_reentry_constraint,,,,,hard_commercial_outcome,true,true,true,false,,HOUSEHOLD_CONSTRAINT_TO_PAID_SERVICE_OUTCOME_PATTERN_001,true,false,Household reentry constraint handled.
PEST_EVIDENCE_008,PRIVATE_APARTMENT_PLUS_BUILDING_COMMON_AREA_COMBO_JOB_TO_COMPLETED_PAID_SERVICE,residential_customer,pest_control,private_apartment_plus_building_common_area,scope_expansion,,,,,hard_commercial_outcome,true,true,true,false,,PRIVATE_PLUS_BUILDING_COMBO_OUTCOME_PATTERN_001,true,false,Combined-scope job.
PEST_EVIDENCE_009,RETURNING_CUSTOMER_PRE_MOVE_APARTMENT_TREATMENT_TO_COMPLETED_PAID_SERVICE,returning_customer,pest_control,pre_move_private_apartment,pre_move_timing,returning_customer,,access_resolved,,hard_commercial_outcome,true,true,true,false,,REPEAT_CUSTOMER_PRE_MOVE_OUTCOME_PATTERN_001,true,false,Pre-move repeat customer.
PEST_EVIDENCE_010,RETURNING_CUSTOMER_PRIVATE_APARTMENT_PLUS_BUILDING_COMMON_AREA_COMBO_TO_COMPLETED_PAID_SERVICE,returning_customer,pest_control,private_apartment_plus_building_common_area,scope_expansion,returning_customer,,,,hard_commercial_outcome,true,true,true,false,,PRIVATE_PLUS_BUILDING_COMBO_OUTCOME_PATTERN_001,true,false,Repeated private plus building combo evidence.
PEST_EVIDENCE_011,RETURNING_CUSTOMER_MULTI_SITE_EXPANSION_TO_TWO_COMPLETED_PAID_SERVICES,returning_customer,pest_control,institutional_site_plus_private_home,multi_site_expansion,returning_customer,,,,hard_commercial_outcome,true,true,true,false,,RETURNING_CUSTOMER_MULTI_SITE_EXPANSION_PATTERN_001,true,false,Kindergarten plus private home. Redaction must be strict due to institution/minor context.
PEST_EVIDENCE_012,FAMILY_PROXY_REPEAT_APARTMENT_BOOKING_TO_COMPLETED_PAID_SERVICE,family_proxy_customer,pest_control,family_member_apartment,proxy_booking_coordination,family_proxy_booking_confirmed,,,,hard_commercial_outcome,true,true,false,false,,FAMILY_PROXY_BOOKING_OUTCOME_PATTERN_001,true,false,Proxy booking succeeded.
PEST_EVIDENCE_013,RETURNING_CUSTOMER_VISUAL_PEST_EVIDENCE_REINFORCEMENT_TO_COMPLETED_PAID_SERVICE,returning_customer,pest_control,reinforcement_or_follow_up_visit,visual_evidence_to_reinforcement,returning_customer_visual_evidence_shared,,,,hard_commercial_outcome,true,true,false,false,,VISUAL_EVIDENCE_TO_REINFORCEMENT_OUTCOME_PATTERN_001,true,false,Photo evidence led to paid reinforcement.
PEST_EVIDENCE_014,RODENT_INQUIRY_PRICE_QUOTE_TO_DIY_TRAP_DEFERRAL_NOT_CLOSED,residential_or_building_customer,rodent_control,building_or_home,diy_deferral,,quote_to_diy_traps,,,negative_deferred_outcome,false,false,false,false,customer_chose_diy_traps,DIY_TRAP_DEFERRAL_PATTERN_001,true,false,"Deferred, not lost."
PEST_EVIDENCE_015,POST_TREATMENT_VISIBLE_ACTIVITY_CONFUSION_TO_COMPLETED_PAID_SERVICE,residential_customer,cockroach_or_insect_treatment,apartment_or_home,post_treatment_visible_activity_confusion,,,,delayed_emergence_and_delayed_contact,hard_commercial_outcome_with_expectation_gap,true,true,false,false,,HIDDEN_HARBORAGE_DELAYED_CONTACT_EXPECTATION_GAP_PATTERN_001,true,false,Delayed emergence/contact expectation gap. Cockroaches may emerge later from hiding and only then contact treatment.
PEST_EVIDENCE_016,OPERATOR_FIELD_EVIDENCE_STANDING_WATER_SOURCE_IDENTIFIED_TO_COMPLETED_PAID_SERVICE,residential_customer,mosquito_or_pest_control,property_or_yard,environmental_source_identification,remote_explanation_while_customer_absent,,customer_absent_remote_explanation,,hard_commercial_outcome,true,true,true,false,,FIELD_EVIDENCE_TO_REMOTE_TRUST_PRESERVATION_PATTERN_001,true,false,Operator captured field evidence while customer absent and informed customer remotely.
PEST_EVIDENCE_017,FAMILY_PROXY_ELDERLY_PARENT_BOOKING_TO_RECIPIENT_RESISTANCE_CANCELLATION_DEFERRED,family_proxy_customer,pest_control,elderly_parent_apartment,recipient_resistance,,,,,negative_deferred_outcome,false,false,false,false,recipient_resistance,PROXY_BOOKING_RECIPIENT_RESISTANCE_PATTERN_001,true,false,"Proxy wanted service, recipient resisted."
PEST_EVIDENCE_018,RETURNING_CUSTOMER_PRIMARY_APARTMENT_JOB_TO_COMPLETED_PAID_SERVICE_WITH_ADDITIONAL_FAMILY_APARTMENT_OPPORTUNITIES_PENDING,returning_customer,pest_control,primary_apartment_plus_pending_family_apartments,family_network_pipeline,returning_customer,,,,hard_commercial_outcome_plus_pipeline,true,true,false,additional_family_apartments_pending,,PRIMARY_JOB_TO_FAMILY_APARTMENT_PIPELINE_PATTERN_001,true,false,"Primary job closed. Additional family apartments pending, not outcome."
PEST_EVIDENCE_019,TRUST_BACKED_REMOTE_ACCESS_COMPLETED_SERVICE,residential_customer,pest_control,remote_access_property,remote_access_coordination,trust_backed_remote_access_granted,,remote_access_resolved,,hard_commercial_outcome,true,true,true,false,,TRUST_BACKED_REMOTE_ACCESS_COMPLETED_SERVICE_PATTERN_001,true,false,Remote access without customer present is trust signal.
PEST_EVIDENCE_020,URGENT_REQUEST_CAPACITY_CONSTRAINT_TO_PRE_CLEANING_SCHEDULED_COMPLETED_PAID_SERVICE,residential_customer,pest_control,apartment_or_home,capacity_constraint_recovery,,,,,hard_commercial_outcome,true,true,false,false,,CAPACITY_CONSTRAINT_RECOVERY_OUTCOME_PATTERN_001,true,false,No immediate availability but deal recovered.
PEST_EVIDENCE_021,RETURNING_CUSTOMER_LARGER_PROPERTY_REPRICING_TO_COMPLETED_PAID_SERVICE,returning_customer,pest_control,larger_property,scope_based_repricing,returning_customer,prior_price_anchor_scope_repricing,,,hard_commercial_outcome,true,true,true,false,,REPEAT_CUSTOMER_SCOPE_REPRICING_OUTCOME_PATTERN_001,true,false,Prior price anchor handled through scope explanation.
PEST_EVIDENCE_022,APARTMENT_JOB_WITH_CAPACITY_CONSTRAINT_AND_BUILDING_COMMITTEE_REFERRAL_OPPORTUNITY_TO_COMPLETED_PAID_SERVICE,residential_customer,pest_control,apartment_plus_pending_building_committee_referral,capacity_constraint_and_building_committee_pipeline,,,,,hard_commercial_outcome_plus_pipeline,true,true,true,building_committee_referral_pending,,COMPLETED_APARTMENT_JOB_WITH_BUILDING_COMMITTEE_PIPELINE_PATTERN_001,true,false,"Apartment job completed and paid. Building committee referral pending, not outcome."
PEST_EVIDENCE_023,URGENT_SEASONAL_HOME_PEST_REQUEST_WITH_LIFE_EVENT_TIMING_TO_COMPLETED_PAID_SERVICE_AND_REVIEW_REQUEST,returning_or_familiar_customer,pest_control,home_or_apartment,urgent_seasonal_request_with_reschedule,returning_or_familiar_customer,,,,hard_commercial_outcome_plus_review_pipeline,true,true,false,review_request_sent,,COMPLETED_PAID_SERVICE_TO_REVIEW_REQUEST_PATTERN_001,true,false,"Review request sent, review not confirmed."
PEST_EVIDENCE_024,FLEA_TREATMENT_PRIVATE_APARTMENT_PLUS_BUILDING_COMMON_AREA_COMBO_TO_COMPLETED_PAID_SERVICE,residential_customer,flea_treatment,private_apartment_plus_building_common_area,scope_expansion,,,,,hard_commercial_outcome,true,true,true,false,,PRIVATE_PLUS_BUILDING_COMBO_OUTCOME_PATTERN_001,true,false,"Private plus building combo, flea context."
PEST_EVIDENCE_025,APPOINTMENT_SCHEDULING_WITH_ALTERNATIVE_AVAILABILITY_TO_COMPLETED_PAID_SERVICE,residential_customer,pest_control,apartment_or_home,alternative_slot_and_original_appointment_preserved,,,,,hard_commercial_outcome,true,true,true,false,,ALTERNATIVE_SLOT_OFFERED_ORIGINAL_APPOINTMENT_PRESERVED_TO_PAID_SERVICE_PATTERN_001,true,false,"Earlier slot offered, original appointment preserved."
PEST_EVIDENCE_026,TRUST_BACKED_REMOTE_ACCESS_WITH_VIDEO_INSTRUCTIONS_ALARM_KEY_RETURN_TO_COMPLETED_PAID_SERVICE,business_or_property_customer,pest_control,remote_access_location,remote_access_with_alarm_key_return,trust_backed_remote_access_granted,,video_access_instructions_access_code_key_alarm,,hard_commercial_outcome,true,true,true,false,,TRUST_BACKED_REMOTE_ACCESS_COMPLETED_SERVICE_PATTERN_001,true,false,"Very strong trust-backed access evidence. Redact access code, key and alarm details."
PEST_EVIDENCE_027,RETURNING_CUSTOMER_SIMPLE_APPOINTMENT_CONFIRMATION_TO_COMPLETED_PAID_SERVICE,returning_customer,pest_control,apartment_or_home,simple_appointment_confirmation,returning_customer,,address_confirmed,,hard_commercial_outcome,true,true,false,false,,SIMPLE_RETURNING_CUSTOMER_APPOINTMENT_FLOW_PATTERN_001,true,false,Clean repeat customer scheduling baseline.
PEST_EVIDENCE_028,MULTI_PEST_URGENCY_WITH_EXPECTATION_SETTING_AND_PAYMENT_RECONCILIATION_TO_COMPLETED_PAID_SERVICE,residential_customer,multi_pest_or_cockroach_treatment,apartment_or_home,multi_pest_scope_and_payment_reconciliation,,partial_payment_reconciliation,,delayed_emergence_explanation,hard_commercial_outcome,true,true,true,false,,MULTI_PEST_SCOPE_AND_PAYMENT_RECONCILIATION_PATTERN_001,true,false,Multi-pest scope clarification and partial payment reconciliation.
