outcome_id,linked_evidence_id,outcome_type,outcome_events,service_completed,payment_received,invoice_or_receipt_issued,source,confidence,not_claimed,notes
PEST_OUTCOME_001A,PEST_EVIDENCE_001,hard_commercial_outcome,"service_completed,payment_received,invoice_or_receipt_issued",true,true,true,manual_reviewed_seed_summary,high_internal,referral_shared_not_counted_as_converted_referral,Completed service path with payment/admin/satisfaction/referral propagation.
PEST_OUTCOME_004A,PEST_EVIDENCE_004,hard_commercial_outcome,"rodent_captured,service_completed,payment_received",true,true,true,manual_reviewed_seed_summary_operator_confirmed,high_internal,none,"Mouse was caught, confirmed by operator."
PEST_OUTCOME_005A,PEST_EVIDENCE_005,hard_operational_outcome,"service_completed,invoice_issued,payment_requested",true,false,true,manual_reviewed_seed_summary,medium_internal,payment_received_not_claimed,Service completed. Payment received only if separately confirmed.
PEST_OUTCOME_006A,PEST_EVIDENCE_006,negative_deferred_outcome,"appointment_confirmed,customer_cancelled_after_confirmation,relationship_preserved",false,false,false,manual_reviewed_seed_summary,medium_internal,not_sales_failure,"Cancellation due to external constraint, not sales failure."
PEST_OUTCOME_007A,PEST_EVIDENCE_007,hard_commercial_outcome,"appointment_closed,service_completed,payment_received,invoice_or_receipt_issued",true,true,true,manual_reviewed_seed_summary_operator_confirmed,high_internal,none,Household reentry constraint handled.
PEST_OUTCOME_008A,PEST_EVIDENCE_008,hard_commercial_outcome,"private_apartment_service_completed,building_common_area_service_completed,combined_scope_job_completed,payment_received",true,true,true,manual_reviewed_seed_summary_operator_confirmed,high_internal,none,Combined-scope job.
PEST_OUTCOME_009A,PEST_EVIDENCE_009,hard_commercial_outcome,"repeat_customer_reactivated,preparation_instructions_given,access_resolved,service_completed,payment_received",true,true,true,manual_reviewed_seed_summary_operator_confirmed,high_internal,none,Pre-move repeat customer.
PEST_OUTCOME_010A,PEST_EVIDENCE_010,hard_commercial_outcome,"repeat_customer_reactivated,private_apartment_service_completed,building_common_area_service_completed,combined_scope_job_completed,payment_received",true,true,true,manual_reviewed_seed_summary_operator_confirmed,high_internal,none,Repeated private plus building combo evidence.
PEST_OUTCOME_011A,PEST_EVIDENCE_011,hard_commercial_outcome,"repeat_customer_reactivated,institutional_site_service_completed,private_home_service_completed,multi_site_expansion_completed,payment_received",true,true,true,manual_reviewed_seed_summary_operator_confirmed,high_internal,institution_name_and_minor_context_must_be_redacted,Kindergarten plus private home. Strict redaction required.
PEST_OUTCOME_012A,PEST_EVIDENCE_012,hard_commercial_outcome,"family_proxy_booking_confirmed,appointment_scheduled,preparation_instructions_given,service_completed,payment_received",true,true,false,manual_reviewed_seed_summary_operator_confirmed,high_internal,family_relation_identifiers_must_be_redacted,Proxy booking succeeded.
PEST_OUTCOME_013A,PEST_EVIDENCE_013,hard_commercial_outcome,"visual_pest_evidence_received,reinforcement_visit_scheduled,service_completed,payment_received",true,true,false,manual_reviewed_seed_summary_operator_confirmed,high_internal,private_visuals_not_allowed_for_public_use,Photo evidence led to paid reinforcement.
PEST_OUTCOME_014A,PEST_EVIDENCE_014,negative_deferred_outcome,"customer_chose_diy_traps,job_not_closed,conditional_future_interest",false,false,false,manual_reviewed_seed_summary,medium_internal,not_revenue_not_closed,"Deferred, not lost."
PEST_OUTCOME_015A,PEST_EVIDENCE_015,hard_commercial_outcome_with_expectation_gap,"service_completed,payment_received,post_treatment_customer_concern_detected,delayed_kill_expectation_gap_detected",true,true,false,manual_reviewed_seed_summary_operator_confirmed,high_internal,expectation_gap_not_treatment_failure_claim,Delayed emergence/contact expectation gap.
PEST_OUTCOME_016A,PEST_EVIDENCE_016,hard_commercial_outcome,"operator_field_evidence_captured,environmental_source_identified,customer_informed_remotely,service_completed,payment_received,invoice_or_receipt_issued",true,true,true,manual_reviewed_seed_summary_operator_confirmed,high_internal,private_property_visuals_not_allowed_for_public_use,Operator captured field evidence while customer absent and informed customer remotely.
PEST_OUTCOME_017A,PEST_EVIDENCE_017,negative_deferred_outcome,"family_proxy_booking_attempted,appointment_confirmed,recipient_resistance_detected,customer_cancelled_before_service,reschedule_possible",false,false,false,manual_reviewed_seed_summary,medium_internal,not_revenue_not_closed,"Proxy wanted service, recipient resisted."
PEST_OUTCOME_018A,PEST_EVIDENCE_018,hard_commercial_outcome_plus_pipeline,"primary_apartment_service_closed,service_completed,payment_received",true,true,false,manual_reviewed_seed_summary_operator_confirmed,high_internal,additional_family_apartments_not_counted_as_outcome,"Primary job closed. Additional family apartments pending, not outcome."
PEST_OUTCOME_019A,PEST_EVIDENCE_019,hard_commercial_outcome,"remote_access_resolved,trust_backed_remote_access_granted,service_completed,payment_received,post_treatment_instructions_given",true,true,true,manual_reviewed_seed_summary_operator_confirmed,high_internal,access_details_must_be_redacted,Remote access without customer present is trust signal.
PEST_OUTCOME_020A,PEST_EVIDENCE_020,hard_commercial_outcome,"urgent_request_received,capacity_constraint_disclosed,appointment_scheduled,appointment_reconfirmed,service_completed,payment_received",true,true,false,manual_reviewed_seed_summary_operator_confirmed,high_internal,none,No immediate availability but deal recovered.
PEST_OUTCOME_021A,PEST_EVIDENCE_021,hard_commercial_outcome,"repeat_customer_reactivated,larger_property_scope_detected,scope_based_repricing_explained,service_completed,payment_received,invoice_or_receipt_issued",true,true,true,manual_reviewed_seed_summary_operator_confirmed,high_internal,pricing_automation_not_allowed,Prior price anchor handled through scope explanation.
PEST_OUTCOME_022A,PEST_EVIDENCE_022,hard_commercial_outcome_plus_pipeline,"apartment_service_scheduled,capacity_constraint_handled,service_completed,payment_received,invoice_or_receipt_issued",true,true,true,manual_reviewed_seed_summary_operator_confirmed,high_internal,building_committee_referral_not_counted_as_outcome,"Apartment job completed and paid. Building committee referral pending, not outcome."
PEST_OUTCOME_023A,PEST_EVIDENCE_023,hard_commercial_outcome_plus_review_pipeline,"seasonal_pest_request_received,appointment_scheduled,reschedule_handled,service_completed,payment_received,review_request_sent",true,true,false,manual_reviewed_seed_summary_operator_confirmed,high_internal,review_request_sent_not_review_received,"Review request sent, review not confirmed."
PEST_OUTCOME_024A,PEST_EVIDENCE_024,hard_commercial_outcome,"flea_treatment_requested,private_apartment_service_completed,building_common_area_service_completed,combined_scope_job_completed,payment_received,invoice_or_receipt_issued",true,true,true,manual_reviewed_seed_summary_operator_confirmed,high_internal,none,"Private plus building combo, flea context."
PEST_OUTCOME_025A,PEST_EVIDENCE_025,hard_commercial_outcome,"appointment_scheduled,capacity_constraint_handled,alternative_appointment_offered,original_appointment_preserved,service_completed,payment_received,invoice_or_receipt_issued",true,true,true,manual_reviewed_seed_summary_operator_confirmed,high_internal,none,"Earlier slot offered, original appointment preserved."
PEST_OUTCOME_026A,PEST_EVIDENCE_026,hard_commercial_outcome,"trust_backed_remote_access_granted,video_access_instructions_received,access_code_received,service_completed,key_returned,alarm_reactivated,invoice_or_receipt_issued,payment_received",true,true,true,manual_reviewed_seed_summary_operator_confirmed,high_internal,access_code_key_alarm_details_must_be_redacted,Very strong trust-backed access evidence.
PEST_OUTCOME_027A,PEST_EVIDENCE_027,hard_commercial_outcome,"repeat_customer_reactivated,appointment_requested,appointment_scheduled,address_confirmed,service_completed,payment_received",true,true,false,manual_reviewed_seed_summary_operator_confirmed,high_internal,address_must_be_redacted,Clean repeat customer scheduling baseline.
PEST_OUTCOME_028A,PEST_EVIDENCE_028,hard_commercial_outcome,"urgent_multi_pest_request_received,scope_clarification_completed,delayed_emergence_explanation_given,service_completed,partial_payment_received,payment_reconciliation_completed,payment_received,invoice_or_receipt_issued",true,true,true,manual_reviewed_seed_summary_operator_confirmed,high_internal,do_not_generalize_pricing_or_treatment_recommendations,Multi-pest scope clarification and partial payment reconciliation.
