dimension_id,dimension_name,definition,success_signal,stuck_signal,deferred_signal,pipeline_signal,recommended_manual_check,privacy_risk,allowed_use,blocked_use
DIM_001,intent_clarity,Customer need and pest context are clear enough for manual classification.,specific pest or service need stated,need remains vague or unresolved,customer pauses or declines,inquiry exists without closed service,Verify stated pest and requested scope in redacted transcript.,standard_redaction_required,internal_manual_scoring_only,customer_facing_claims_marketing_outreach_ads_automation_crm_funnel
DIM_002,scheduling_clarity,"Appointment timing, confirmation, and service window are clear.",appointment scheduled and confirmed,time unclear or repeated scheduling friction,appointment cancelled or postponed,future appointment discussed but not closed,Check appointment status without inferring completion.,standard_redaction_required,internal_manual_scoring_only,customer_facing_claims_marketing_outreach_ads_automation_crm_funnel
DIM_003,reschedule_recovery,Manual handling of schedule changes or reentry constraints.,reschedule recovered to service or paid outcome,multiple changes create stuck risk,customer defers after change,future slot remains possible,Separate recovered jobs from unresolved reschedules.,standard_redaction_required,internal_manual_scoring_only,customer_facing_claims_marketing_outreach_ads_automation_crm_funnel
DIM_004,household_safety_and_reentry_coordination,Reentry or household constraint is handled in the flow.,constraint handled before or after service,constraint blocks appointment,customer delays due to household needs,future availability remains open,Redact household identifiers and private timing details.,strict_redaction_required,internal_manual_scoring_only,customer_facing_claims_marketing_outreach_ads_automation_crm_funnel
DIM_005,post_treatment_expectation_setting,Post-treatment concern is explained without claiming new outcome.,concern addressed with registry-supported context,customer concern remains unresolved,customer waits before deciding next step,follow-up may be needed,Do not convert concern into failure or success without registry support.,standard_redaction_required,internal_manual_scoring_only,customer_facing_claims_marketing_outreach_ads_automation_crm_funnel
DIM_006,delayed_emergence_and_delayed_contact_explanation,Delayed pest activity or delayed contact is captured as an expectation gap.,gap identified and attached to completed case,gap creates confusion,customer waits or delays follow-up,future check remains possible,Keep explanation internal and do not generalize treatment advice.,standard_redaction_required,internal_manual_scoring_only,customer_facing_claims_marketing_outreach_ads_automation_crm_funnel
DIM_007,preparation_instructions,Preparation steps are recorded as internal evidence quality.,prep instructions were given,prep unclear or absent,customer not ready,prep needed before scheduling,Do not create new customer instructions.,standard_redaction_required,internal_manual_scoring_only,customer_facing_claims_marketing_outreach_ads_automation_crm_funnel
DIM_008,access_coordination,Access logistics are clear enough for manual review.,access resolved,access blocks or complicates service,access postponed,future access coordination pending,"Redact addresses, apartment numbers, and access details.",strict_redaction_required,internal_manual_scoring_only,customer_facing_claims_marketing_outreach_ads_automation_crm_funnel
DIM_009,trust_backed_remote_access_coordination,Remote access is granted or managed under trust context.,remote access handled and service completed,access details create risk or uncertainty,remote access not granted,future access possible,"Strictly redact codes, keys, alarms, video instructions, and locations.",strict_redaction_required,internal_manual_scoring_only,customer_facing_claims_marketing_outreach_ads_automation_crm_funnel
DIM_010,proxy_booking_coordination,A third party coordinates booking for another recipient.,proxy booking leads to completed service,proxy creates coordination risk,recipient blocks or delays service,family network remains possible,Redact family relationship when identifying.,strict_redaction_required,internal_manual_scoring_only,customer_facing_claims_marketing_outreach_ads_automation_crm_funnel
DIM_011,recipient_buy_in_for_proxy_booking,Recipient acceptance is separated from proxy intent.,recipient accepts and service proceeds,recipient resistance creates stuck risk,recipient declines or cancels,proxy may revisit later,Do not treat proxy demand as recipient buy-in.,strict_redaction_required,internal_manual_scoring_only,customer_facing_claims_marketing_outreach_ads_automation_crm_funnel
DIM_012,repeat_customer_reactivation,Existing customer returns or reactivates service need.,returning customer completes service,returning customer stalls,returning customer defers,repeat account may create future pipeline,Verify repeat status from registry only.,standard_redaction_required,internal_manual_scoring_only,customer_facing_claims_marketing_outreach_ads_automation_crm_funnel
DIM_013,pre_move_timing,Move timing affects scheduling or access.,pre-move timing resolved to completed service,timing prevents clear appointment,move timing delays service,future move-related service possible,Redact addresses and move timing details.,strict_redaction_required,internal_manual_scoring_only,customer_facing_claims_marketing_outreach_ads_automation_crm_funnel
DIM_014,scope_expansion_detection,Conversation reveals added service scope.,expanded scope completed and paid when confirmed,scope unclear or hard to price,customer declines expanded scope,additional scope pending,"Do not count added scope unless closed, performed, and paid.",standard_redaction_required,internal_manual_scoring_only,customer_facing_claims_marketing_outreach_ads_automation_crm_funnel
DIM_015,private_plus_building_combo_detection,Private unit plus building common area combined scope is detected.,combo job completed and paid,building coordination stalls,building portion deferred,building work pending,Separate private job outcome from building pipeline.,strict_redaction_required,internal_manual_scoring_only,customer_facing_claims_marketing_outreach_ads_automation_crm_funnel
DIM_016,building_common_area_opportunity,Building common area need is identified as potential pipeline.,completed only if registry confirms closure and payment,committee or access coordination stalls,building decides later,common area opportunity pending,Keep building opportunity separate from outcome.,strict_redaction_required,internal_manual_scoring_only,customer_facing_claims_marketing_outreach_ads_automation_crm_funnel
DIM_017,multi_site_account_expansion,Multiple sites or account contexts are detected.,multi-site services completed and paid,site coordination unresolved,one or more sites deferred,additional site remains pipeline,Redact institution or site identifiers.,strict_redaction_required,internal_manual_scoring_only,customer_facing_claims_marketing_outreach_ads_automation_crm_funnel
DIM_018,family_network_pipeline_detection,Family-related additional units are detected as pipeline.,primary job outcome remains separate,family coordination unresolved,family units deferred,family apartments pending,"Do not count family units as outcome until closed, performed, and paid.",strict_redaction_required,internal_manual_scoring_only,customer_facing_claims_marketing_outreach_ads_automation_crm_funnel
DIM_019,building_committee_referral_pipeline,Committee referral or building contact is identified as pipeline.,private job outcome remains separate,committee referral not closed,committee delays decision,committee follow-up pending,Redact committee contacts and building identifiers.,strict_redaction_required,internal_manual_scoring_only,customer_facing_claims_marketing_outreach_ads_automation_crm_funnel
DIM_020,visual_evidence_to_next_step,Photo or visual evidence supports triage or next step.,visual evidence leads to supported completed outcome,visuals are ambiguous,customer waits after visual triage,visual evidence may support future step,Do not inspect private images; use registry notes only.,strict_redaction_required,internal_manual_scoring_only,customer_facing_claims_marketing_outreach_ads_automation_crm_funnel
DIM_021,operator_field_evidence_and_remote_explanation,Operator field evidence is captured and explained remotely.,operator-confirmed explanation supports completed case,remote explanation unclear,customer unavailable or waits,future explanation needed,Redact property visuals and private field details.,strict_redaction_required,internal_manual_scoring_only,customer_facing_claims_marketing_outreach_ads_automation_crm_funnel
DIM_022,environmental_source_identification,Environmental pest source is identified in registry evidence.,source identified and service completed,source uncertain,source mitigation deferred,future source follow-up possible,Do not create treatment recommendations.,strict_redaction_required,internal_manual_scoring_only,customer_facing_claims_marketing_outreach_ads_automation_crm_funnel
DIM_023,rodent_uncertainty_and_follow_up_closure,Rodent uncertainty is triaged and resolved or deferred.,confirmed capture or closed service,rodent uncertainty remains open,customer chooses DIY or waits,future interest conditional,Do not infer closure from inquiry alone.,standard_redaction_required,internal_manual_scoring_only,customer_facing_claims_marketing_outreach_ads_automation_crm_funnel
DIM_024,DIY_deferral_detection,Customer chooses DIY or non-service path.,not applicable unless later separately closed,DIY choice leaves unresolved risk,DIY deferral recorded,future conditional interest,Do not count DIY deferral as revenue.,standard_redaction_required,internal_manual_scoring_only,customer_facing_claims_marketing_outreach_ads_automation_crm_funnel
DIM_025,capacity_constraint_and_alternative_scheduling,Limited availability or alternative slot handling is captured.,capacity issue recovered to completed service,availability blocks booking,customer waits or cancels,future slot pending,Verify service completion separately from appointment offer.,standard_redaction_required,internal_manual_scoring_only,customer_facing_claims_marketing_outreach_ads_automation_crm_funnel
DIM_026,appointment_stability_and_alternative_slot_handling,Original or alternative appointment stability is tracked.,appointment preserved or stable through change,appointment instability persists,appointment cancelled,alternative slot pending,Do not count appointment stability as payment.,standard_redaction_required,internal_manual_scoring_only,customer_facing_claims_marketing_outreach_ads_automation_crm_funnel
DIM_027,repeat_customer_scope_repricing,Repeat customer price anchor is handled by scope explanation.,repriced scope completed and paid,price anchor blocks decision,customer declines new scope price,future repricing discussion pending,Do not create pricing automation or recommendations.,standard_redaction_required,internal_manual_scoring_only,customer_facing_claims_marketing_outreach_ads_automation_crm_funnel
DIM_028,multi_pest_scope_clarification,Multiple pest issues are clarified into internal scope.,scope clarified and completed when confirmed,scope remains mixed or unclear,customer delays due to scope,additional pests may remain pending,Do not generalize treatment recommendations.,standard_redaction_required,internal_manual_scoring_only,customer_facing_claims_marketing_outreach_ads_automation_crm_funnel
DIM_029,payment_reconciliation_after_partial_transfer,Partial payment or reconciliation is tracked only when explicit.,payment reconciliation completed and payment received,payment status unclear,partial transfer remains unresolved,payment follow-up pending,Do not infer payment from invoice visibility.,strict_redaction_required,internal_manual_scoring_only,customer_facing_claims_marketing_outreach_ads_automation_crm_funnel
DIM_030,invoice_or_receipt_closure,Invoice or receipt evidence is tracked separately from payment.,invoice or receipt issued with explicit payment if present,admin closure incomplete,invoice visible but payment not confirmed,admin follow-up pending,Keep invoice visibility separate from payment_received.,strict_redaction_required,internal_manual_scoring_only,customer_facing_claims_marketing_outreach_ads_automation_crm_funnel
DIM_031,post_service_review_request_pipeline,Review request is tracked as pipeline only.,"request sent after service, not review received",review request absent or unclear,review not received,review pipeline pending,Never count review_request_sent as review_received.,standard_redaction_required,internal_manual_scoring_only,customer_facing_claims_marketing_outreach_ads_automation_crm_funnel
DIM_032,referral_propagation_detection,Referral sharing is detected as pipeline only unless separately converted.,service outcome remains separate from referral signal,referral status unclear,referral not converted,referral pipeline pending,Never count referral_shared as converted referral.,strict_redaction_required,internal_manual_scoring_only,customer_facing_claims_marketing_outreach_ads_automation_crm_funnel
DIM_033,outcome_vs_pipeline_separation,Manual reviewer separates closed outcomes from pipeline and unresolved signals.,"closed, performed, paid or operationally confirmed outcome",stuck signal is not converted into outcome,negative or deferred case remains separate,pipeline item is tracked separately,Check source registry outcome and opportunity rows before scoring.,strict_redaction_required,internal_manual_scoring_only,customer_facing_claims_marketing_outreach_ads_automation_crm_funnel
