matrix_id,diagnostic_axis,success_signal,stuck_signal,deferred_signal,pipeline_signal,evidence_examples,recommended_manual_check,outcome_counting_rule,allowed_use,blocked_use
MATRIX_001,completed_paid_service,service_completed and payment_received are explicit,payment or completion unclear,customer cancels or defers,separate review or referral pipeline may exist,PEST_EVIDENCE_001;PEST_EVIDENCE_023;PEST_EVIDENCE_028,Check explicit service_completed and payment_received fields.,Count only explicit completed paid outcomes.,internal_manual_scoring_only,customer_facing_claims_marketing_outreach_ads_automation_crm_funnel
MATRIX_002,recovered_reschedule,schedule friction recovered to service when registry confirms,reschedule remains unresolved or repeated,customer postpones or cancels,future slot remains possible,PEST_EVIDENCE_002;PEST_EVIDENCE_003;PEST_EVIDENCE_007;PEST_EVIDENCE_020;PEST_EVIDENCE_025,Separate recovered records from stuck-risk records.,Do not count reschedule recovery unless outcome row confirms completion.,internal_manual_scoring_only,customer_facing_claims_marketing_outreach_ads_automation_crm_funnel
MATRIX_003,building_expansion,private plus building scope completed when confirmed,building access or committee coordination stalls,building portion delayed,building or common area opportunity pending,PEST_EVIDENCE_008;PEST_EVIDENCE_010;PEST_EVIDENCE_022;PEST_EVIDENCE_024,Check whether building item is outcome or opportunity.,Count private job only when closed; keep building pipeline separate.,internal_manual_scoring_only,customer_facing_claims_marketing_outreach_ads_automation_crm_funnel
MATRIX_004,trust_backed_access,remote access handled and service completed,access details create unresolved risk,access not granted or delayed,future access coordination pending,PEST_EVIDENCE_019;PEST_EVIDENCE_026,"Redact access codes, keys, alarms, and locations.",Count only registry-confirmed completed access-supported service.,internal_manual_scoring_only,customer_facing_claims_marketing_outreach_ads_automation_crm_funnel
MATRIX_005,rodent_uncertainty_resolved,rodent uncertainty has confirmed resolution,rodent issue remains uncertain,customer chooses DIY or waits,conditional future interest,PEST_EVIDENCE_004;PEST_EVIDENCE_014,Check if capture or completed service is explicitly confirmed.,Do not count inquiry or DIY path as outcome.,internal_manual_scoring_only,customer_facing_claims_marketing_outreach_ads_automation_crm_funnel
MATRIX_006,delayed_emergence_expectation_gap,expectation gap detected in completed case,post-treatment concern remains unresolved,customer waits before next step,follow-up may be pending,PEST_EVIDENCE_015;PEST_EVIDENCE_028,Keep expectation gap separate from treatment failure claims.,"Count only the explicit completed paid outcome, not inferred performance claims.",internal_manual_scoring_only,customer_facing_claims_marketing_outreach_ads_automation_crm_funnel
MATRIX_007,proxy_booking_success,proxy booking leads to completed paid service,proxy coordination is unclear,recipient or family delays,family network may create pipeline,PEST_EVIDENCE_012,Verify recipient acceptance and completed service.,Count only registry-confirmed completed paid proxy booking.,internal_manual_scoring_only,customer_facing_claims_marketing_outreach_ads_automation_crm_funnel
MATRIX_008,proxy_booking_failure,not applicable,recipient resistance prevents service,customer cancels before service,reschedule possible,PEST_EVIDENCE_017,Separate proxy intent from recipient buy-in.,Do not count cancelled proxy booking as outcome.,internal_manual_scoring_only,customer_facing_claims_marketing_outreach_ads_automation_crm_funnel
MATRIX_009,DIY_deferral,not applicable unless later separately closed,DIY path leaves service unresolved,customer chooses DIY traps,conditional future interest,PEST_EVIDENCE_014,Check negative_or_deferred_reason.,Do not count DIY deferral as payment or service.,internal_manual_scoring_only,customer_facing_claims_marketing_outreach_ads_automation_crm_funnel
MATRIX_010,customer_cancellation,not applicable unless later separately closed,appointment confirmed then cancelled,customer cancelled due to external constraint,relationship may be preserved,PEST_EVIDENCE_006,Check cancellation reason and service_completed=false.,Do not count cancelled appointment as outcome.,internal_manual_scoring_only,customer_facing_claims_marketing_outreach_ads_automation_crm_funnel
MATRIX_011,coordination_stuck_risk,not applicable unless recovered later,multi-reschedule burden creates stuck risk,customer coordination delayed,demand may remain,PEST_EVIDENCE_003,Do not infer outcome from demand.,Do not count stuck-risk signals as outcome.,internal_manual_scoring_only,customer_facing_claims_marketing_outreach_ads_automation_crm_funnel
MATRIX_012,pending_pipeline,confirmed outcome remains separate if present,pipeline unresolved,pipeline deferred,"family, committee, review, or referral pipeline pending",PEST_EVIDENCE_018;PEST_EVIDENCE_022;PEST_EVIDENCE_023,Check opportunity rows and not_claimed fields.,"Never count pipeline as outcome, payment, review received, or converted referral.",internal_manual_scoring_only,customer_facing_claims_marketing_outreach_ads_automation_crm_funnel
